{
  "metrics": {
    "eval_loss": 4.847149848937988,
    "eval_normalized_mae": 0.1806577742099762,
    "eval_normalized_mse": 0.05447961390018463,
    "eval_normalized_rmse": 0.23340868428613498,
    "eval_normalized_r2": 0.943488597869873,
    "eval_mae": 38.309045119150056,
    "eval_mse": 2449.759078308231,
    "eval_rmse": 49.495040946626474,
    "eval_r2": 0.9434886039483517,
    "eval_runtime": 0.5979,
    "eval_samples_per_second": 334.513,
    "eval_steps_per_second": 21.743,
    "epoch": 15.0
  },
  "predictions": [
    -1498.278750215194,
    -1492.9966136141804,
    -1845.0728361200347,
    -1780.7247229419875,
    -1282.7438224969142,
    -1863.1648036411657,
    -1280.1964370686069,
    -1545.1542114488657,
    -1693.7501043150694,
    -1642.1955457324395,
    -1467.8104183284638,
    -1582.3631726068386,
    -1444.9810323314123,
    -1734.58763997478,
    -1520.0372924478938,
    -1899.9686483096964,
    -1166.8448888243986,
    -1963.5192310569655,
    -1424.9645213377564,
    -1353.603034325704,
    -1608.1062893113756,
    -1581.7493488282441,
    -1525.6582458208477,
    -1869.33452605132,
    -1881.4995225443076,
    -1855.2578782241828,
    -1424.754783941469,
    -1631.7173852211133,
    -1839.239927144632,
    -1442.7081862537595,
    -1532.2906885642174,
    -1169.0980301532982,
    -1423.2593843653005,
    -1756.2311514708515,
    -1866.686253320544,
    -1584.9784471510795,
    -1601.8998764441737,
    -1543.5982630600593,
    -1833.82364910775,
    -1906.8127559504342,
    -1870.776625482849,
    -1785.790827749742,
    -1735.5360842606665,
    -1932.3211662200938,
    -1569.9804190491323,
    -1391.7648003457787,
    -1323.3131827193747,
    -1732.569394671028,
    -1610.3195692859579,
    -1665.1745089731944,
    -1523.3266393987726,
    -1471.198447015001,
    -1460.8810582628762,
    -2001.736635501679,
    -1927.05589051378,
    -1737.9301290784063,
    -1695.7911194102767,
    -1461.1734443776354,
    -1564.2884135625695,
    -1726.731967127518,
    -1878.2655422720136,
    -1733.9310383115444,
    -1577.7813129476472,
    -1557.683600441249,
    -1996.4363487921282,
    -1957.6553303920546,
    -1899.663660761642,
    -1648.940665133249,
    -1938.3593888188118,
    -1477.9485557997555,
    -1378.0755486374924,
    -1569.7830239794375,
    -1648.5279650329976,
    -1852.2398791877426,
    -1207.1486457176088,
    -1559.2482257447564,
    -1625.1013135975786,
    -1475.1357439931166,
    -1885.6379747991448,
    -1947.4631596937454,
    -1539.0402159388098,
    -1436.5510399981977,
    -1902.8874031593432,
    -1196.0196968547084,
    -1439.7531185476864,
    -1571.000869719655,
    -1808.6435080713297,
    -1558.115436519443,
    -1665.9932324363472,
    -1764.8267572247937,
    -1886.1131385737635,
    -1905.2887029647572,
    -1625.485000363043,
    -1115.7990988917873,
    -1916.1894862571035,
    -1498.6224394570793,
    -1527.769421955394,
    -2036.625037030656,
    -1482.825537993273,
    -1485.0523515533123,
    -1532.614856327944,
    -1535.3355841403286,
    -1532.3389961650737,
    -1864.5386000180042,
    -1715.9264023885603,
    -1878.8270833737524,
    -1648.3889353279951,
    -1517.5558970729805,
    -1587.4132412375689,
    -1673.1630087637843,
    -1656.526671099802,
    -1664.875660990058,
    -1479.9656951602642,
    -1812.5923700559301,
    -1653.7016370404085,
    -1553.871224492192,
    -1725.6819340551626,
    -1757.0552498181655,
    -1749.6197216490996,
    -1531.4972406439251,
    -1860.7325879823518,
    -1572.957397070769,
    -1891.9188982224687,
    -1774.3712243632172,
    -1412.997318054031,
    -1465.0580984573821,
    -1512.519659052464,
    -1391.1420847835102,
    -1315.1022303450402,
    -2029.742809106249,
    -2099.2964517767828,
    -1674.3206343144989,
    -1630.9219568724566,
    -2008.09051326099,
    -1492.6276583089482,
    -1781.7887414566105,
    -1502.755128167701,
    -1402.0863727232,
    -1506.5539104943819,
    -1537.3532733126212,
    -1569.9597600293523,
    -1721.0545790507904,
    -1667.3914575195058,
    -1768.0400595182805,
    -1885.1465315399882,
    -1772.3734232102724,
    -1709.8336536281222,
    -1545.4314177026547,
    -1760.4650308283744,
    -1389.2874622026484,
    -1271.8761037476972,
    -1928.0942385058129,
    -1357.19369709307,
    -2153.034524661568,
    -1407.5861336757428,
    -1798.365035882009,
    -1169.3525866894695,
    -1425.8725828960826,
    -1414.647840389307,
    -1560.248946387823,
    -1158.4455848362595,
    -1529.855123477296,
    -1544.8894928742097,
    -1927.6602790165923,
    -2036.399778510912,
    -1919.576554352938,
    -1660.8764438296828,
    -1754.130465997925,
    -1431.8543581516753,
    -1447.9459081741322,
    -1807.025544705129,
    -1386.0764855498098,
    -1672.8015865119562,
    -2162.2446683174558,
    -1469.5678569368024,
    -1905.4952552445047,
    -1407.6465750538944,
    -1852.6481302363193,
    -1730.9774430899038,
    -1776.6463328847615,
    -1860.9285232069658,
    -2034.1649136840633,
    -1725.3439325213844,
    -1712.564612995424,
    -1896.915562433911,
    -1651.094195734166,
    -1796.772919989317,
    -1390.3920403957507,
    -1656.826239525965,
    -2147.306016728309,
    -1589.8338602915198,
    -1600.9205874012387,
    -1774.7316101882345,
    -1535.4546089119833,
    -1476.0380672859305,
    -1983.8168665033286,
    -1794.0440840330418,
    -1623.4648474059418,
    -1655.7057420698386,
    -1741.1650699414026
  ],