{
  "metrics": {
    "eval_loss": 0.06416957080364227,
    "eval_normalized_mae": 0.18727482855319977,
    "eval_normalized_mse": 0.06416957825422287,
    "eval_normalized_rmse": 0.25331714954622175,
    "eval_normalized_r2": 0.9230585098266602,
    "eval_mae": 40.33849797437404,
    "eval_mse": 2977.212222426567,
    "eval_rmse": 54.56383621435142,
    "eval_r2": 0.9230585143188254,
    "eval_runtime": 0.5788,
    "eval_samples_per_second": 390.435,
    "eval_steps_per_second": 25.914,
    "epoch": 20.0
  },
  "predictions": [
    -1611.7803912728318,
    -1930.1734424749802,
    -1645.5344125434735,
    -1792.210873620499,
    -1603.2806289959299,
    -2042.6353090341458,
    -1634.6816834840592,
    -1817.6434025182455,
    -1541.021490318476,
    -1686.3129176692432,
    -1796.4048086004595,
    -2015.2037461071832,
    -1446.7526449631034,
    -1763.4519322752133,
    -1662.909218170281,
    -1273.656639639615,
    -2024.1194399316753,
    -1915.194193548562,
    -1272.5862787817325,
    -1639.3761304414313,
    -1435.1985764592714,
    -1441.2106356106046,
    -1650.9944132144944,
    -2030.085010218112,
    -1758.7620133602434,
    -1916.0035696934897,
    -1505.9372837728172,
    -1315.9179065335065,
    -1914.0395082320663,
    -2069.248251965663,
    -1398.6676752108617,
    -1411.3560412053248,
    -1891.4697998397062,
    -1763.1045047212351,
    -1549.9565577130118,
    -1913.738133027821,
    -1654.8871126108686,
    -1633.4304264094321,
    -2024.079383246098,
    -1768.1892901174936,
    -1464.09722833419,
    -1417.550435308123,
    -1698.0083978279768,
    -1503.8535658019125,
    -1886.253340928293,
    -1425.7797347156188,
    -1783.6543419046702,
    -1746.661543420036,
    -1543.1924535479839,
    -1561.5777596812297,
    -1751.4653285992322,
    -1731.2131241444508,
    -1911.7682171277363,
    -1455.9905640102313,
    -1929.3121980577023,
    -1471.1177145449358,
    -1421.265320573676,
    -1576.5991997239876,
    -1788.2350678353976,
    -2026.1238148523016,
    -1578.7180346978494,
    -1507.9689152137898,
    -1510.823031093272,
    -1579.3337329164058,
    -1551.3083809804823,
    -1727.9340029793875,
    -1556.9121058738695,
    -1524.435493269194,
    -1808.0562713404424,
    -1731.9853708231317,
    -1813.3605853478193,
    -1476.7459869969202,
    -1913.8024548210078,
    -1703.3128338028255,
    -1246.3301998349307,
    -1471.0683369767526,
    -1578.9347516377684,
    -1832.844555211818,
    -1374.4569522553156,
    -1708.7039629729827,
    -1573.241059685348,
    -1861.1989882261778,
    -1549.8946174952014,
    -1727.382536683249,
    -1452.9266512400372,
    -1755.7196824132723,
    -1514.7799768555806,
    -1327.2488130794195,
    -1552.313270983204,
    -1830.2340404708445,
    -1892.718541335221,
    -1730.7670634215788,
    -1718.4142235235522,
    -1650.8263388282553,
    -1484.359761508057,
    -1515.6616347760855,
    -1455.374756662884,
    -1863.1203995884061,
    -1931.6641160804381,
    -1653.2201366293098,
    -1719.803625611114,
    -1621.1717333636113,
    -1832.8556349937583,
    -1873.2361249516566,
    -1436.2641099729947,
    -1597.291058399685,
    -1387.4011161354983,
    -1617.9859694718555,
    -1472.0540010542652,
    -1488.2261560513343,
    -1854.3982103680883,
    -1799.136032622779,
    -1538.3751556567458,
    -1659.942468539975,
    -1718.8083132646236,
    -1574.5840499401015,
    -1753.7330505501677,
    -1570.590809225829,
    -1610.8488470513983,
    -1418.4829729225203,
    -1658.8611819643277,
    -1554.7993532252617,
    -1511.0258180640078,
    -1642.4285221000164,
    -1825.8049136886104,
    -1655.289136656968,
    -1499.5547259572552,
    -1039.487309942754,
    -1629.8565975283973,
    -1585.4607303618516,
    -1633.09212394817,
    -1536.815628203611,
    -1854.005834590967,
    -1725.6749856543563,
    -1874.9976176999255,
    -1503.868407317466,
    -1613.3450108679272,
    -1796.5667942421042,
    -1669.6480301331976,
    -1562.5873743186605,
    -1790.8358893720088,
    -1481.5627264055229,
    -1391.0959345422189,
    -1464.248442322245,
    -1554.8680080733789,
    -1497.6606866635047,
    -1659.735512207495,
    -1750.1403124982635,
    -1721.7316167974957,
    -1411.962129670947,
    -1997.1215163034515,
    -1487.1624584690335,
    -1927.1848285704632,
    -1551.108893550834,
    -1581.3902938667438,
    -1930.3948070175209,
    -1585.9313514820024,
    -1521.8975684321483,
    -1979.6362851789993,
    -1691.6918372535079,
    -1966.994164114488,
    -1063.7014736648819,
    -1258.923739329498,
    -1216.229089910493,
    -2012.1567675575907,
    -1667.2452901906354,
    -1669.8557375285322,
    -1890.145977736096,
    -2130.3381895926045,
    -1740.5702310891934,
    -1406.0292723443984,
    -1343.3736061812658,
    -1590.7804957221426,
    -1422.3058314975945,
    -1704.6542641578042,
    -1500.020140992149,
    -1404.8138857428355,
    -1374.8575447884527,
    -1748.3580724410544,
    -1835.9030115424703,
    -1653.4339327692387,
    -1515.343376705964,
    -1589.7346406971435,
    -1674.1355953829245,
    -1797.6885611798111,
    -1764.37328739822,
    -1324.5282708399209,
    -1820.1089942249887,
    -1938.1514760512466,
    -1596.5309795811822,
    -1641.6099823463287,
    -1683.1456342567649,
    -1809.3287130415906,
    -1404.0252569068477,
    -1425.236067918355,
    -1737.1886893442602,
    -1496.0054596801474,
    -1610.6940013213778,
    -1613.9473889546607,
    -1903.952515837509,
    -1542.0741851509242,
    -1884.7561195953851,
    -1460.8767863618932,
    -1631.636495128087,
    -1662.8406082575484,
    -1559.3400545671147,
    -1697.3962687628148,
    -1902.84774731381,
    -1874.7447470335364,
    -1721.9702943017355,
    -2059.7167122777796,
    -1283.7538259471044,
    -1646.7203343715107,
    -1474.3729878595311,
    -1699.4879402967692,
    -1837.3553103295976,
    -1757.5208081706367,
    -1492.1461007342089,
    -1794.1846924796912,
    -2088.3521069931576,
    -1528.473393336281,
    -1966.0297480544855,
    -1695.391688423288,
    -1791.9349575212216,
    -1856.4657516005868,
    -1361.873349900055
  ],