{
  "metrics": {
    "eval_loss": 0.129803866147995,
    "eval_normalized_mae": 0.28327706456184387,
    "eval_normalized_mse": 0.1298038512468338,
    "eval_normalized_rmse": 0.3602830154848183,
    "eval_normalized_r2": 0.8728896975517273,
    "eval_mae": 0.5923542366226577,
    "eval_mse": 0.5675808997884183,
    "eval_rmse": 0.7533796518279601,
    "eval_r2": 0.8728896910038622,
    "eval_runtime": 0.596,
    "eval_samples_per_second": 379.186,
    "eval_steps_per_second": 25.167,
    "epoch": 20.0
  },
  "predictions": [
    -0.4676886155353559,
    -2.856082173085867,
    -2.3172091090469005,
    -3.0641263769238147,
    -2.9610713620558653,
    -3.1446619290771975,
    -2.185580060122537,
    -8.223819191559212,
    -3.3796052670096937,
    -6.887755270065904,
    -2.8161799035548514,
    -3.2036701480518177,
    -1.7066438922074103,
    -2.8740680015336264,
    -4.3672710203114615,
    -2.1433914948880295,
    -0.3649086960336838,
    0.3578995121389035,
    -2.322963454901653,
    -4.5324977788099226,
    -5.0263376507641215,
    -1.7246959501304304,
    -7.001935321647908,
    -3.2464298821389552,
    -0.7676945840919838,
    -4.379436304588688,
    -6.827765792319151,
    -2.3359043609611363,
    -7.7729175819342124,
    0.6161911627503516,
    -0.40448721856495506,
    -1.4141535902858604,
    -5.54179036140581,
    -6.39721082474241,
    -4.97673051183498,
    -5.7610264702024185,
    0.9678757524828039,
    -1.2184015092844114,
    -3.3207364399699495,
    -3.480280457099261,
    -0.17876096394709062,
    -1.1443832857038636,
    -2.1295146203609487,
    1.184044522044101,
    -1.7420044182168852,
    -3.2480787950942966,
    -1.6809122687832243,
    -6.968997008994753,
    -4.517018372213846,
    -4.792674328700347,
    -5.2561641190684565,
    -1.9469302241162054,
    -6.21581254527267,
    -5.014109050423038,
    -3.1163067241556086,
    -3.193089042909724,
    -1.0078474287874095,
    -3.1310593514547134,
    -0.0310929464804115,
    -1.2582600932241237,
    -0.7750709055314058,
    -9.074754185395593,
    -1.7181362563492673,
    -8.735139781206659,
    -1.5745093741945135,
    -2.0150575609995673,
    -3.8522228843612725,
    -3.3877019644728987,
    -6.530703522180223,
    -4.388661754223765,
    -5.2251262854344,
    -8.09318917789046,
    -1.7874379317241,
    -4.222818785843979,
    -3.346638100677832,
    -3.498712972276072,
    -5.121126409962178,
    -4.727819983621913,
    -4.638242086624176,
    -2.0282681212010907,
    -3.9887374905121997,
    -1.9271378469025455,
    -4.470985848858402,
    -4.675729683393092,
    -6.217015301210125,
    -3.8084054261374813,
    -4.258744918738861,
    -3.3796052670096937,
    -1.7142662489028466,
    -2.550386997567939,
    1.0275391774282743,
    -1.8735971351872833,
    -3.8126766430515353,
    -4.855008993568255,
    -4.310974688801258,
    0.8275486592859886,
    -8.307680071759528,
    -5.199739535137565,
    1.1546185060041547,
    -4.172480770146213,
    -5.383053748728605,
    -4.079453144771599,
    0.9650472195040902,
    -0.5749564972956662,
    -3.7604089207422,
    -0.555313311673419,
    1.318522357609337,
    -3.5483477808236716,
    -2.3771324663765743,
    -2.6904713895731267,
    -3.079574842156009,
    -1.693949021403941,
    -2.299527475025032,
    -3.176788630748413,
    -1.4306802046940097,
    -3.3202424687296266,
    -5.927162337696506,
    -3.9846570319362047,
    -1.777471883562561,
    -0.6985641612205766,
    -4.241267690907399,
    -1.3692435560467606,
    -2.0161727587975333,
    -3.179306254433243,
    -2.1912315796924813,
    -1.2520091275732275,
    -4.5503861871426965,
    -0.019478686451836147,
    0.13601958376247358,
    -2.7876546613495656,
    -2.5624627606584216,
    -7.938557390502801,
    -3.0137927975570475,
    -2.4303298629384975,
    0.04564263305333638,
    -4.308866313729965,
    -3.476456316407761,
    -1.0585660886958488,
    -4.560587302423204,
    -6.888066117040828,
    -2.1733787554861475,
    -0.9441387554786211,
    -4.892011748824559,
    -0.46758965302609834,
    -1.1069020454689185,
    -8.365096274989734,
    0.5372674398758837,
    0.42309760860339996,
    -4.383004438990495,
    -3.6767956960908696,
    -2.8902692019098377,
    -4.165259124366726,
    -0.4131842034150788,
    -5.965259663174853,
    -4.491929506548152,
    -0.5846558203063088,
    -0.6415206253741004,
    -4.454293839929113,
    -5.5860627480411775,
    -5.278355900898896,
    -2.993547996375036,
    -2.226548420110653,
    -3.043978956907439,
    -3.8498916566872676,
    -2.188331629185046,
    -3.445911020677937,
    -2.8197213031226087,
    -4.149451421486788,
    -5.270701886171532,
    -2.910717439443433,
    -4.9967716663389155,
    -3.1512264058385786,
    -4.607210609524091,
    -2.2841406120852823,
    0.0870149445433479,
    -4.113453995701106,
    -2.4789265622422567,
    0.8445971326692798,
    -3.1163067241556086,
    -2.6265684992239713,
    -4.878986338254651,
    -0.6882902573942178,
    -7.819789417049535,
    -4.248710818272467,
    -0.9555633165914648,
    0.559023736810421,
    -3.333359862085217,
    -5.832664608043936,
    -1.534307537420423,
    0.896532009410639,
    -0.6415206253741004,
    -4.420219951177912,
    -7.545726083917311,
    -4.350172567121857,
    -5.068927550104184,
    -7.102453810711324,
    -2.8352267902036514,
    -3.6874418310682344,
    -9.062432480527537,
    -0.3771244586689071,
    -2.4891725471743165,
    -2.355900645813519,
    -2.3306399044547947,
    -3.03203849607005,
    1.130875979160884,
    -3.16305901592497,
    -2.7313045174169797,
    -2.6614574264999393,
    -5.278355900898896,
    -0.1427735091950879,
    -2.945098030958685,
    0.45860321315289543,
    -2.6015885982606943,
    -4.389966713256423,
    -4.763303776535237,
    -3.2776882625741846,
    -4.421536750813062,
    -3.4938440542119595,
    -3.01165777723521,
    -2.307876595437701,
    -5.628565774750317,
    -7.3635293739257754,
    -2.172144279197804,
    -2.7045570326178483,
    -2.8437494689212848,
    -4.625564789767566
  ],