{
  "metrics": {
    "eval_loss": 3.4818525314331055,
    "eval_normalized_mae": 0.30523309111595154,
    "eval_normalized_mse": 0.1566367745399475,
    "eval_normalized_rmse": 0.3957736405319934,
    "eval_normalized_r2": 0.8433632254600525,
    "eval_mae": 0.6334555131554513,
    "eval_mse": 0.674625347005486,
    "eval_rmse": 0.8213557980592127,
    "eval_r2": 0.8433632370029844,
    "eval_runtime": 0.5794,
    "eval_samples_per_second": 390.076,
    "eval_steps_per_second": 25.89,
    "epoch": 20.0
  },
  "predictions": [
    -2.306956411433296,
    -2.4945610214844045,
    -2.513886630201904,
    -2.214101482613981,
    -7.487006517845505,
    -0.24764238619526724,
    -5.220453893374413,
    -1.81879619742729,
    -8.789759480695395,
    -3.535452985077896,
    -4.673778455313162,
    -1.2748580843953035,
    -4.153186215453173,
    -2.947401157934103,
    -3.1780670239796045,
    -0.8226253696346193,
    -1.1557728798086448,
    -9.127879548547192,
    -3.580096561893072,
    -3.6232304907807134,
    0.049748452419523304,
    -6.484939970158361,
    1.2064404038045868,
    -1.4704179332109089,
    -1.4471464028624712,
    -7.793060460129667,
    0.36777517655476366,
    0.3827412157178829,
    -0.8545999582813972,
    -1.7331312463442492,
    -1.6737180945748085,
    -7.004922376207771,
    -3.1915956860881773,
    -1.1602501485254524,
    -2.582653030729492,
    -2.0651244017271364,
    -4.288401957274509,
    0.441981436926028,
    -3.8617746550977747,
    -6.398437579948016,
    -1.3693214653523345,
    -8.544208474333043,
    -5.170422039007449,
    -6.777384598884762,
    -8.703671727996824,
    -5.009019315908365,
    -4.485422685867584,
    -2.9382227570646475,
    -4.5935317477536355,
    -8.46684245841261,
    -4.632512003309555,
    -9.040878405816713,
    -1.0128460182948564,
    -2.28876010855224,
    -0.6432647107443339,
    -3.741226096762813,
    -1.857187153130554,
    -3.193029352186473,
    -2.1994865617614754,
    -7.520314576771802,
    -2.658769258433865,
    -2.3341621120512097,
    0.6102648914071378,
    -5.903629311516921,
    -4.575935259101279,
    -3.1859969663923238,
    -1.9763097146768056,
    -4.761679133838876,
    -2.297332912286171,
    -3.25642270554522,
    0.21529693214366086,
    1.202542910152724,
    -1.721327436701132,
    -5.706210149921033,
    -1.8707102488047505,
    1.219449037243856,
    -1.5778830204888734,
    -5.104071501923885,
    -4.818278391181741,
    -5.100632806163185,
    -4.518527013295701,
    -1.2863171462027048,
    -3.2857607216249476,
    -3.7523705313294022,
    -5.938512052879051,
    -1.0817224795999216,
    -2.1945051596379725,
    -0.9620499543372745,
    -6.146097008028873,
    0.322547526150319,
    -3.40501346042402,
    -3.770236806501204,
    -5.102420126392198,
    -0.09053583714794255,
    -0.9159232629317593,
    -2.995924937664359,
    -0.7717189665778417,
    1.1211908324245732,
    -2.4835896411776526,
    0.6171128426756134,
    -1.852643087201229,
    -3.0836904484742114,
    -5.622003604644628,
    -3.5396291096949364,
    -1.3456705515765048,
    -3.534690692814674,
    -1.6950878835431604,
    -0.4089638393524555,
    -5.149786648281166,
    -8.366712942054502,
    -8.053802142206862,
    -1.1241127328548668,
    -2.5312431127587276,
    -4.399351632472144,
    -0.9291233817135787,
    0.08723950123192425,
    -2.0886957154913826,
    -1.1397528053717056,
    -0.6731552263605614,
    -2.6556595080201792,
    -3.0158033397023956,
    -4.92429162867578,
    -3.2011121705344148,
    -2.3394283919162464,
    -2.6133913761505267,
    -3.8114322555418756,
    -2.218065154985653,
    -4.173892980238017,
    0.13456631588900692,
    -0.3479435961292565,
    -0.8741040021452982,
    -2.6463731183238206,
    -1.3733597279446508,
    -3.0693639385028364,
    -1.4679422305973382,
    -2.8088068996926046,
    -1.8021592383628962,
    -2.0796594133217043,
    -3.8274919135121586,
    -3.026177801099439,
    -4.741360287680801,
    -6.059601544936863,
    -3.854230404738074,
    -3.6011049037225784,
    -2.5369893429655574,
    -2.469646527105116,
    -1.1464552871551423,
    -1.4872450169338944,
    -0.1748843883502187,
    -4.667616288759867,
    0.2826906190293763,
    -1.542237677617168,
    -4.082198220041301,
    -1.2131555200160913,
    -0.775444766653826,
    -3.184107610328726,
    -8.703286778135055,
    -3.270859701507809,
    -1.2131555200160913,
    -8.903022318622806,
    -2.00699709629866,
    -3.032093728310373,
    0.5297418413054551,
    -2.224571574580496,
    -4.750269427749613,
    -3.1644781747993362,
    -1.675502569737363,
    -1.6869036169287073,
    -1.0965825091128045,
    -1.723979780832249,
    -1.226130507452018,
    -2.497632270726986,
    -0.6299312449345624,
    -3.094995463075823,
    -7.944514975409666,
    -3.259732739360235,
    -3.6529577243218974,
    -5.216864656488465,
    -3.763817099584092,
    -6.846216405016274,
    -2.4257250714517458,
    -8.616354411793765,
    0.7754207519599219,
    -0.8804964953832366,
    -2.2631850639602775,
    -4.235504255093455,
    -0.15159789047823535,
    -2.580070359801987,
    -8.52497434068713,
    -2.771653888070032,
    0.4467693126810426,
    -6.089528922718517,
    -0.03066277420046326,
    -4.939241958124104,
    -3.447276025859296,
    -0.8038974104213401,
    -4.0424975441785245,
    -7.605832326590221,
    0.721838996843271,
    -3.1408660327851705,
    0.24691996953492934,
    -3.464776988312824,
    -3.5466070062814667,
    -1.824981866703507,
    -3.920103650998492,
    0.5801245047366779,
    -3.0425668136849575,
    -2.1386320127348832,
    -0.6393036360420377,
    -4.503656593105315,
    -1.7557557096210576,
    -3.551932290350894,
    -1.1828807967293458,
    0.6782825137371846,
    -1.5414223805288276,
    -5.855868809772641,
    -4.056591137527038,
    -4.161110962527141,
    -3.8315652446410464,
    -7.754926673694596,
    0.5980640094451659,
    -4.74581071381406,
    -5.71320307588038,
    -2.3387648110893005,
    -2.8563492745209156,
    -2.719839877888171
  ],