{
  "metrics": {
    "test_loss": 0.129803866147995,
    "test_model_preparation_time": 0.0008,
    "test_normalized_mae": 0.28327706456184387,
    "test_normalized_mse": 0.1298038512468338,
    "test_normalized_rmse": 0.3602830154848183,
    "test_normalized_r2": 0.8728896975517273,
    "test_mae": 0.5923542253514741,
    "test_mse": 0.5675809049663258,
    "test_rmse": 0.7533796552644131,
    "test_r2": 0.8728896898442646,
    "test_runtime": 0.8704,
    "test_samples_per_second": 259.652,
    "test_steps_per_second": 9.191
  },
  "predictions": [
    -0.46768811698367196,
    -2.856081799172104,
    -2.317208797452098,
    -3.0641263769238147,
    -2.961071704810148,
    -3.144661710960836,
    -2.1855801224414972,
    -8.223819191559212,
    -3.3796052046907334,
    -6.887755519341747,
    -2.81617974775745,
    -3.2036700078341567,
    -1.7066443907590942,
    -2.8740683598676493,
    -4.3672710203114615,
    -2.1433917441638712,
    -0.3649086960336838,
    0.3578987643113778,
    -2.322963330263732,
    -4.532498152723686,
    -5.0263372768503585,
    -1.7246954515787465,
    -7.001934823096224,
    -3.246430287212198,
    -0.7676943348161416,
    -4.379436678502451,
    -6.827765792319151,
    -2.3359041740042548,
    -7.7729165848308455,
    0.6161916613020355,
    -0.40448721856495506,
    -1.4141535902858604,
    -5.541790610681652,
    -6.3972110740182515,
    -4.976730636472901,
    -5.761026719478259,
    0.9678760017586456,
    -1.2184015092844114,
    -3.320736377650989,
    -3.480279771590696,
    -0.1787604653954067,
    -1.1443830364280216,
    -2.129514931955751,
    1.1840450205957844,
    -1.7420042935789644,
    -3.248078966471438,
    -1.6809123934211452,
    -6.96899651044307,
    -4.517017998300083,
    -4.792674204062426,
    -5.256164866895982,
    -1.9469315951333364,
    -6.215813542376038,
    -5.014109299698879,
    -3.116305976328083,
    -3.193089432403227,
    -1.0078470548736465,
    -3.1310596630495158,
    -0.031092447928727562,
    -1.2582609656895707,
    -0.7750709055314058,
    -9.074754683947276,
    -1.7181362563492673,
    -8.735140279758342,
    -1.5745085017290665,
    -2.0150576856374887,
    -3.852222448128549,
    -3.3877024318651023,
    -6.530703272904381,
    -4.388661754223765,
    -5.225126783986084,
    -8.09318917789046,
    -1.787437682448258,
    -4.222818536568138,
    -3.3466380383588716,
    -3.4987125983623093,
    -5.121127407065546,
    -4.727820232897755,
    -4.638242709813782,
    -2.0282681212010907,
    -3.9887374905121997,
    -1.9271375976267036,
    -4.470985973496323,
    -4.675729309479329,
    -6.217015301210125,
    -3.8084054261374813,
    -4.2587450433767815,
    -3.3796052046907334,
    -1.7142663735407677,
    -2.5503870598868996,
    1.0275391774282743,
    -1.8735972598252042,
    -3.8126760198619305,
    -4.855008993568255,
    -4.310974190249574,
    0.8275481607343047,
    -8.307680071759528,
    -5.199741030792616,
    1.1546185060041547,
    -4.1724810194220545,
    -5.383054496556131,
    -4.079453144771599,
    0.9650464716765641,
    -0.5749559987439823,
    -3.760409294655963,
    -0.5553125638458929,
    1.318522357609337,
    -3.5483484663322367,
    -2.377132092462811,
    -2.6904719504437713,
    -3.079574468242246,
    -1.693948273576415,
    -2.2995272880681505,
    -3.1767889111837353,
    -1.4306805786077725,
    -3.3202425933675475,
    -5.927162088420664,
    -3.9846570942551653,
    -1.7774721328384029,
    -0.6985636626688927,
    -4.241267690907399,
    -1.3692438053226026,
    -2.0161723848837703,
    -3.1793062232737626,
    -2.1912316420114415,
    -1.2520088782973855,
    -4.550385813228933,
    -0.019479434279362273,
    0.13601958376247358,
    -2.7876545990306054,
    -2.5624629787747835,
    -7.93855838760617,
    -3.0137924976470503,
    -2.4303298006195373,
    0.04564238377749463,
    -4.308866313729965,
    -3.476456285248281,
    -1.0585660886958488,
    -4.560587053147362,
    -6.888066615592512,
    -2.1733788801240683,
    -0.9441390047544629,
    -4.892012496652085,
    -0.46758965302609834,
    -1.1069020454689185,
    -8.365096274989734,
    0.5372679384275676,
    0.42309760860339996,
    -4.383004688266337,
    -3.676796007685672,
    -2.8902693888667192,
    -4.1652587504529635,
    -0.4131839541392366,
    -5.96525916462317,
    -4.491929506548152,
    -0.5846558203063088,
    -0.6415201268224164,
    -4.454293590653271,
    -5.586062498765336,
    -5.278355900898896,
    -2.9935480080598413,
    -2.226548607067534,
    -3.0439789101682186,
    -3.8498914697303865,
    -2.1883315668660854,
    -3.4459112387942987,
    -2.819720975948066,
    -4.149451421486788,
    -5.270701636895689,
    -2.9107168474133087,
    -4.996771915614757,
    -3.15122662395494,
    -4.607210858799933,
    -2.2841406744042425,
    0.08701469526750572,
    -4.113453621787343,
    -2.4789267491991387,
    0.8445963848417541,
    -3.116305976328083,
    -2.6265684992239713,
    -4.8789864628925725,
    -0.6882900081183756,
    -7.819788419946166,
    -4.248710444358704,
    -0.9555638151431487,
    0.5590242353621049,
    -3.3333599244041774,
    -5.832664608043936,
    -1.5343082852479488,
    0.8965322586864812,
    -0.6415201268224164,
    -4.420219951177912,
    -7.545726582468996,
    -4.350173439587303,
    -5.068928297931709,
    -7.102453810711324,
    -2.835227164117414,
    -3.6874415817923927,
    -9.062432480527537,
    -0.37712420939306535,
    -2.489172235579514,
    -2.355900645813519,
    -2.330639842135834,
    -3.032038620707971,
    1.130875979160884,
    -3.1630593430995124,
    -2.731304330460098,
    -2.6614575199783803,
    -5.278355900898896,
    -0.14277400774677185,
    -2.9450981555966065,
    0.4586034624287372,
    -2.601587912752129,
    -4.3899668378943435,
    -4.76330290406979,
    -3.2776878263414613,
    -4.421536626175142,
    -3.4938441165309198,
    -3.0116577304959895,
    -2.3078765331187405,
    -5.628566024026159,
    -7.3635293739257754,
    -2.1721444038357243,
    -2.704557157255769,
    -2.8437494689212848,
    -4.625564789767566
  ],