ablation_type,ablation_percentage,mae,mae_std,mse,mse_std,rmse,rmse_std,r2,r2_std,mae_norm,mae_norm_std,mse_norm,mse_norm_std,rmse_norm,rmse_norm_std,r2_norm,r2_norm_std,mae_degradation,mse_degradation,rmse_degradation,r2_degradation
MLP Ablation,0.9,1.6655797886188188,0.14266308905333433,4.346314811636914,0.7059231363748082,2.077938219171384,0.1687826085346707,0.02663847486828157,0.15809218853817122,0.796517550945282,0.06822467955207334,0.9939876556396484,0.1614422173972415,0.9937165830321891,0.08071560101045316,0.026638507843017578,0.15809217878849618,1.0732255859906714,3.7787339001309794,1.32455855956679,0.8462512154551401
MLP Ablation,1.0,1.7596460355832302,2.220446049250313e-16,4.797009118630413,0.0,2.1902075514960706,0.0,-0.07429496346637876,0.0,0.8415020704269409,0.0,1.097059965133667,0.0,1.0474063037492505,0.0,-0.07429492473602295,0.0,1.1672918329550828,4.229428207124479,1.4368278918914763,0.9471846537898004
Attention Ablation,0.9,1.173554551567264,0.1929541906796004,2.2862873687204113,0.6899563040402223,1.4949250449211309,0.22690632161305202,0.48798366971743673,0.1545164005554178,0.5612200617790222,0.09227501484196207,0.522866290807724,0.15779070253429303,0.7149066405968896,0.1085116861826132,0.4879836916923523,0.15451639138381923,0.5812003489391167,1.718706457214477,0.7415453853165366,0.38490602060598494
Attention Ablation,1.0,1.9246929441813208,0.0,5.503241067419182,0.0,2.3458987760385535,0.0,-0.23245631085181717,0.0,0.9204311966896057,0.0,1.2585728168487549,0.0,1.1218613180107222,0.0,-0.23245632648468018,0.0,1.3323387415531733,4.935660155913248,1.5925191164339592,1.105346001175239
Combined Ablation,0.9,1.462785630792799,0.35639443350425537,3.2120083307393985,1.501171798624776,1.7439239530463102,0.41320403765056524,0.280667539504162,0.3361889174437929,0.6995368361473083,0.17043579459016503,0.7345755457878113,0.34331295104995224,0.8339834747796215,0.1976034149055106,0.28066760301589966,0.3361888649927152,0.8704314281646517,2.6444274192334642,0.9905442934417159,0.5922221508192597
Combined Ablation,1.0,1.905099903262459,2.220446049250313e-16,5.40053381791165,0.0,2.3239048642127433,0.0,-0.20945492016675438,0.0,0.9110614061355591,0.0,1.2350839376449585,0.0,1.1113433032348548,0.0,-0.20945477485656738,0.0,1.3127457006343115,4.8329529064057155,1.570525204608149,1.0823446104901762
