{
  "metrics": {
    "eval_loss": 6.441262245178223,
    "eval_normalized_mae": 0.4150259792804718,
    "eval_normalized_mse": 0.33766937255859375,
    "eval_normalized_rmse": 0.5810932563354988,
    "eval_normalized_r2": 0.6784955263137817,
    "eval_mae": 0.9371665898543254,
    "eval_mse": 1.7217680844340322,
    "eval_rmse": 1.3121616075903273,
    "eval_r2": 0.6784955455715391,
    "eval_runtime": 0.6366,
    "eval_samples_per_second": 314.183,
    "eval_steps_per_second": 20.422,
    "epoch": 10.0
  },
  "predictions": [
    1.3859344455463458,
    6.087094646506517,
    7.521272807641621,
    6.291399415127625,
    2.708366048643193,
    8.802396959084525,
    2.7596589350972733,
    6.81553877751683,
    2.213513391811826,
    2.909066188359345,
    3.963414843469796,
    3.578320675429713,
    1.3701434878365277,
    7.866380417101336,
    1.530094432903621,
    8.09155351966087,
    8.324721968882585,
    3.3766334157916904,
    3.543946095410157,
    2.9506818237217876,
    5.579509248025836,
    1.0113865602213785,
    1.9701547922443319,
    0.7966524699694166,
    1.827796866978161,
    6.411287352942475,
    3.497836938679241,
    1.6631164678951351,
    0.4779605684974926,
    0.5174613819074363,
    3.971357093299136,
    3.2379469278979083,
    8.998326829538712,
    1.4001681653448874,
    1.3384950836071972,
    2.4202518662161396,
    2.706642319522215,
    8.935684141758426,
    2.174612592801923,
    3.5023589852948906,
    1.7986685770660937,
    2.8527987208758567,
    3.962884144326826,
    2.0997168518697973,
    1.7618135875852663,
    1.8291679631408382,
    1.8412058025139282,
    3.3570881115864633,
    1.4767074181296145,
    1.6604378033393683,
    9.06593383565258,
    3.0370855460886093,
    4.0735814510732204,
    8.923493808819781,
    3.660290071994081,
    3.1085840655160637,
    2.930990806059888,
    1.3198782168926115,
    0.6992528242174623,
    3.505515950360582,
    0.3879872113360818,
    3.053326918376654,
    0.6198498418702263,
    2.7559587117042903,
    8.750367715792711,
    1.6999997218497196,
    0.4742258893650728,
    2.6733922617799895,
    1.6998180216612822,
    2.8162627161702862,
    3.9776109445996943,
    1.1005340563781574,
    7.923932538565262,
    0.25523166995427626,
    3.8751377921601824,
    3.6671321271824318,
    1.069160759693394,
    1.892350098591686,
    5.63085933639109,
    1.7533614331900773,
    3.956724979013354,
    5.2349774262743685,
    4.345517990870914,
    7.121777621036902,
    0.8646196462345861,
    6.483771730484936,
    8.304840468856474,
    7.909196249504776,
    1.4585972930516717,
    0.4025000764611564,
    3.1694148322876137,
    8.801390743818779,
    2.895202800463386,
    4.096184012365734,
    3.5022418812058516,
    1.2324979233093036,
    2.3941497592943177,
    3.6261368633707716,
    1.5282019244964942,
    1.7420427227850037,
    1.3581222033694953,
    0.7814757934892502,
    2.4243596364021514,
    1.357425955165949,
    4.501898459938843,
    2.408507035220997,
    4.380434306637479,
    1.3834112355962422,
    0.4662690362242916,
    1.4356988969338351,
    5.149440245565478,
    3.1718803019556137,
    1.2474685383165087,
    4.541868194427687,
    0.5285660898683497,
    1.744657590385719,
    1.0679007025347622,
    2.6011566116065903,
    3.869464304720767,
    2.668049737868995,
    2.9568567027367414,
    2.7936585397649867,
    2.4208759727152396,
    2.7251240551336955,
    0.9852462289636184,
    6.700188499074562,
    7.882997505001251,
    1.6765403432241737,
    8.32280106140897,
    5.633171101158945,
    2.374086962857965,
    1.8943540497810545,
    1.9576080577508843,
    3.930868436531387,
    2.682935290269465,
    4.7623405112232415,
    1.750821668333916,
    3.729605194471993,
    5.885680660587086,
    5.051768453309064,
    3.628590017803778,
    2.3393589423237153,
    1.4160712388006078,
    6.844920101765388,
    3.2742035180914817,
    4.685714311533529,
    8.895622345840772,
    4.2467267908609925,
    4.478805711915744,
    5.027706368428834,
    1.943462361599186,
    1.5141690170543594,
    5.888252996884434,
    1.7083346459751834,
    2.4661146088905785,
    3.722348930150371,
    1.8268173010733841,
    3.863476913381734,
    8.162354680494737,
    9.001158122252768,
    3.385266816124846,
    4.418627955432529,
    0.40652278404043285,
    2.44147552496751,
    0.15901644024547057,
    4.088970918662958,
    0.83942900129506,
    1.131733459252949,
    6.3135722218263,
    4.474057145731843,
    4.42578196292588,
    2.307188722071738,
    3.3290135313505105,
    5.6458578120938565,
    8.909912863772293,
    3.9080276124547386,
    4.9002509542473875,
    5.039822675364783,
    2.0478454858528243,
    1.9469520819590453,
    1.782692015978605,
    8.0573432773673,
    1.2521071422382226,
    3.493195281184916,
    1.0237343666566696,
    4.064790392178413,
    5.589809495226533,
    6.094281629219251,
    4.989827801219808,
    2.6883413419500464,
    0.9032945986398975,
    0.3471918850280691,
    0.49739656658010123,
    4.626745332377986,
    2.0754464174401583,
    1.8417811864439806,
    3.9074056930875365,
    1.2231225973641195,
    7.855970207638451,
    3.6107755256620595
  ],