{
  "metrics": {
    "eval_loss": 0.2621399760246277,
    "eval_normalized_mae": 0.3838031589984894,
    "eval_normalized_mse": 0.26214003562927246,
    "eval_normalized_rmse": 0.5119961285295744,
    "eval_normalized_r2": 0.7331314086914062,
    "eval_mae": 0.8667116280199384,
    "eval_mse": 1.336796832172724,
    "eval_rmse": 1.1561993046930636,
    "eval_r2": 0.7331314035019172,
    "eval_runtime": 0.6405,
    "eval_samples_per_second": 352.853,
    "eval_steps_per_second": 23.419,
    "epoch": 20.0
  },
  "predictions": [
    0.8010941663978883,
    0.5979381045595709,
    3.5529514348131728,
    4.610383120951187,
    0.5707911004041302,
    1.827571433802942,
    6.332309655802738,
    2.0275459474067654,
    7.458204349470687,
    1.1131857829356204,
    0.9795653334984307,
    2.739069995047563,
    0.8994172918973011,
    1.8544536790897763,
    6.5956845637141726,
    2.0667032052921916,
    1.685897307627473,
    7.090605437158109,
    9.187604971996858,
    2.5997242528520577,
    9.31855172028204,
    4.998469281801052,
    2.8297283714908716,
    5.158893639127247,
    5.3322984494335115,
    2.700254554725343,
    0.4251567630277777,
    1.5387744250920365,
    5.45437584292055,
    2.3055641608975384,
    2.743566992404015,
    6.160759368979778,
    0.7816917966002896,
    0.8665139696051947,
    3.742598358773811,
    4.262683320990652,
    9.386959920236068,
    8.204475474859702,
    1.5429396326106055,
    6.536532829135876,
    2.00252603242295,
    1.810228718406673,
    1.1210938221061153,
    1.9447655269579818,
    2.656444566890188,
    0.8243557971414366,
    2.3028156219565403,
    4.0563496479777825,
    8.584605140416704,
    8.305281438229127,
    7.765122198142892,
    3.390390860729802,
    1.2692974107707036,
    2.748186947170976,
    4.105008175607154,
    2.4803025913716485,
    6.590736386018337,
    0.4605227331389097,
    4.783371208605084,
    5.123307059059,
    3.487492187396881,
    4.924456727494119,
    1.2251964170006588,
    3.8610157502930966,
    1.248451856128571,
    4.1944077023714375,
    1.1534759718820835,
    3.885742270185989,
    4.073338263529829,
    3.2924355474842404,
    1.3066193930214327,
    3.0436244973015123,
    2.257940407031324,
    8.797491730027922,
    3.6781168040609025,
    2.193496725489057,
    1.1064476899196385,
    5.714933700317971,
    2.1726441716292495,
    4.0817565725889295,
    2.305411793312758,
    3.1544572774420683,
    1.8417491568065263,
    4.322467407965854,
    1.2908462521888744,
    3.6575822603291788,
    5.758302468238895,
    1.6436371081060615,
    0.7627898708664831,
    3.2077579352444006,
    4.478026905206619,
    5.52892518338305,
    2.5823909594795826,
    5.316623163048069,
    2.660410229404838,
    3.407198220099114,
    4.178157268733552,
    0.4775669049812543,
    1.6483823084893103,
    -0.1532262815865959,
    2.1156730971578637,
    6.408376076696384,
    5.33757693636349,
    4.342205874812212,
    3.846254938617015,
    1.5832965833256647,
    3.2197035135110585,
    2.5021994419686613,
    2.3861054373917203,
    7.239837372419623,
    6.461297969142205,
    4.196767246330091,
    1.5752531362132187,
    3.330423801417533,
    1.2650422902250735,
    2.3821196521262538,
    2.174384015622949,
    0.7426784264782298,
    1.1743180269153783,
    4.033780435032826,
    6.461249782220516,
    5.405610005170184,
    3.450427121441828,
    6.958832781187228,
    1.1991765560916394,
    2.4491148177118873,
    4.1406815728946444,
    2.4467821938212166,
    0.48486197420379096,
    3.3781768641477963,
    0.5818372118993276,
    2.3603642664864877,
    2.8624925170315096,
    4.029880558434308,
    5.597322346109204,
    5.954013785276693,
    2.2799007216886054,
    0.30065683262300835,
    4.139120478152348,
    2.724538878851541,
    -0.11273688413706351,
    9.123090490675798,
    0.9998178390429122,
    8.082272364655188,
    3.1620812089450943,
    4.861103174104798,
    2.6186609054735617,
    5.737433493137618,
    3.689183357982724,
    2.436410497329147,
    5.45152298871612,
    1.7618366658002422,
    2.156401948612099,
    4.35537073025796,
    2.3118670910145855,
    0.031009010470326892,
    4.0162737427724595,
    6.007841268809441,
    1.9070828157962891,
    2.791243240402795,
    1.4792836322575025,
    0.8108755730992749,
    2.6670971069914837,
    3.7630163722612564,
    3.7345141782334994,
    0.7438007241124138,
    2.574581178557223,
    3.332706454932011,
    4.1153658736638725,
    2.8889420222255273,
    6.174291817953825,
    0.2976390930021866,
    5.3106014130410975,
    2.5983366579479075,
    6.008172385645624,
    0.7495005101063166,
    5.274181387668117,
    1.9684201906940724,
    6.818210960469189,
    4.455658078517705,
    5.04120758172983,
    2.377302036760132,
    4.92059854335089,
    0.4028857907859802,
    2.512218485570162,
    9.405887420034457,
    7.656453421317181,
    3.8128206179839568,
    5.770877101194131,
    4.1686322083795275,
    0.4089067331909124,
    2.072513228964482,
    1.3727825939060718,
    3.8038500773802832,
    9.240331693949807,
    2.0336253063592196,
    6.710145731567644,
    3.9638399784593283,
    2.46550590870498,
    2.5625423895551767,
    2.8261399264288247,
    3.3012080573378184,
    8.764324591069588,
    1.0492393150489878,
    7.240534602180366,
    1.7648954585247365,
    5.318571233767612,
    5.932311364870683,
    2.172405525226586,
    5.25050559167866,
    9.346672423296402,
    6.53449821039777,
    6.1061444734585475,
    4.175034002446241,
    5.063363066879983,
    0.7770693517270408,
    3.248960142444021,
    5.847945487018079,
    1.6812918223970525,
    0.16571030063700798,
    1.3164164133622491,
    5.180612480774727,
    7.402300790295142,
    3.955868340628225,
    6.352244504545027,
    1.4835499246313453
  ],